{
  "schema_version": 1,
  "model_type": "logistic_regression",
  "feature_names": [
    "dx_norm",
    "dy_norm",
    "abs_dx_norm",
    "abs_dy_norm",
    "euclidean_norm",
    "manhattan_norm",
    "src_w_norm",
    "src_h_norm",
    "dst_w_norm",
    "dst_h_norm",
    "src_area_norm",
    "dst_area_norm",
    "log_w_ratio",
    "log_h_ratio",
    "log_area_ratio",
    "is_right_of",
    "is_left_of",
    "is_below",
    "is_above",
    "vertical_overlap_ratio",
    "horizontal_overlap_ratio",
    "same_row_like",
    "same_col_like",
    "rank_by_distance_norm",
    "rank_by_abs_dx_norm",
    "rank_by_abs_dy_norm",
    "is_nearest_right_neighbor",
    "is_nearest_down_neighbor"
  ],
  "coef": [
    6.152705869708568,
    1.5453352230461324,
    -9.692734889701821,
    -0.8632827921066107,
    -7.012977108191992,
    -5.4782597041459935,
    4.400301248606072,
    3.3435845213469024,
    4.371528005070387,
    3.0806890433038396,
    1.4828775716173732,
    1.4498557614736542,
    0.13475685108167595,
    -1.0909255076856341,
    -0.9561686566176658,
    0.1675311755482551,
    -0.5474870978318007,
    0.1282433888001794,
    1.6042284284653818,
    -1.2081311044259773,
    -4.818925507608398,
    -0.3560467150972681,
    -1.6710802578994635,
    1.7926581584000838,
    0.7934221510771187,
    -0.0887395478168439,
    1.565199466742835,
    0.9511252012319867
  ],
  "intercept": 2.347592300454629,
  "threshold": 0.5,
  "top_k": 2
}
